hkl,phase_id,Name,Formula,phase_label,short_label,Ga,Cu,Monolayer_alloy,stable_grid_fraction,stable_percent,T_min_stable_K,T_max_stable_K,log10_ratio_min_stable,log10_ratio_max_stable,min_G_per_Area_eV_A2
100,10,Cu-100-Ga-2x2x4-4,Cu12Ga4,100.0% ML · Cu-100-Ga-2x2x4-4,100.0% ML,4,12.0,100.0,0.4844102469021353,48.44102469021353,315.0,1100.0,-16.0,-2.0,-0.7347974887126435
100,0,Cu-100-clean-2x2x4,Cu16,0.0% ML · Cu-100-clean-2x2x4,0.0% ML,0,16.0,0.0,0.3225487469484874,32.25487469484874,300.0,1100.0,-8.7,4.0,0.0
100,7,Cu-100-Ga-2x2x4-2,Cu14Ga2,50.0% ML · Cu-100-Ga-2x2x4-2,50.0% ML,2,14.0,50.0,0.15123142053706623,15.123142053706623,300.0,1100.0,-16.0,-0.1999999999999993,-0.04594448378329512
100,5,Cu-100-Ga-2x2x4-1,Cu15Ga,25.0% ML · Cu-100-Ga-2x2x4-1,25.0% ML,1,15.0,25.0,0.03266277309106641,3.2662773091066413,300.0,1100.0,-10.1,0.1999999999999993,-0.004460829856905359
100,8,Cu-100-Ga-3x3x4-6,Cu30Ga6,66.7% ML · Cu-100-Ga-3x3x4-6,66.7% ML,6,30.0,66.67,0.00883779858471617,0.883779858471617,310.0,1100.0,-16.0,-1.8999999999999986,-0.049238327760221884
100,6,Cu-100-Ga-3x3x4-3-a,Cu33Ga3,33.3% ML · Cu-100-Ga-3x3x4-3-a,33.3% ML,3,33.0,33.33,0.00030901393652853746,0.030901393652853746,305.0,1055.0,-9.899999999999999,-0.29999999999999893,-0.004551179902657368
