hkl,phase_id,Name,Formula,phase_label,short_label,Ga,Cu,Monolayer_alloy,stable_grid_fraction,stable_percent,T_min_stable_K,T_max_stable_K,log10_ratio_min_stable,log10_ratio_max_stable,min_G_per_Area_eV_A2
110,12,Cu-110-Ga-2x2x9-10-a,Cu26Ga10,250.0% ML · Cu-110-Ga-2x2x9-10-a,250.0% ML,10,26.0,250.0,0.37319613114551464,37.319613114551466,395.0,1100.0,-16.0,-3.3999999999999986,-1.271406560731533
110,0,Cu-110-clean-1x2x4,Cu8,0.0% ML · Cu-110-clean-1x2x4,0.0% ML,0,8.0,0.0,0.2814498933901919,28.14498933901919,300.0,1100.0,-7.0,4.0,0.0
110,11,Cu-110-Ga-2x2x9-4-b,Cu28Ga8,200.0% ML · Cu-110-Ga-2x2x9-4-b,200.0% ML,8,28.0,200.0,0.15802972714069405,15.802972714069405,300.0,1100.0,-16.0,-1.5,-0.18211883414908636
110,6,Cu-110-Ga-2x2x6-2-b,Cu22Ga2,50.0% ML · Cu-110-Ga-2x2x6-2-b,50.0% ML,2,22.0,50.0,0.08080714440221254,8.080714440221254,300.0,1100.0,-11.3,0.40000000000000213,-0.017690603574359136
110,9,Cu-110-Ga-1x2x4-2,Cu6Ga2,100.0% ML · Cu-110-Ga-1x2x4-2,100.0% ML,2,6.0,100.0,0.06195729427397176,6.1957294273971755,300.0,1100.0,-14.7,-0.7999999999999989,-0.04729338216891321
110,7,Cu-110-Ga-3x3x6-6,Cu48Ga6,66.7% ML · Cu-110-Ga-3x3x6-6,66.7% ML,6,48.0,66.67,0.02212539785544328,2.212539785544328,300.0,1100.0,-12.2,-0.5,-0.023423692289560205
110,4,Cu-110-Ga-2x2x6-1,Cu23Ga,25.0% ML · Cu-110-Ga-2x2x6-1,25.0% ML,1,23.0,25.0,0.018200920861530856,1.8200920861530856,300.0,1100.0,-7.9,0.6000000000000014,-0.0020485293906100273
110,3,Cu-110-Ga-2x3x6-1,Cu35Ga,16.7% ML · Cu-110-Ga-2x3x6-1,16.7% ML,1,35.0,16.67,0.0042334909304409625,0.42334909304409624,300.0,1080.0,-7.199999999999999,0.6000000000000014,-0.0002704762810060643
