hkl,phase_id,Name,Formula,phase_label,short_label,Ga,Cu,Monolayer_alloy,stable_grid_fraction,stable_percent,T_min_stable_K,T_max_stable_K,log10_ratio_min_stable,log10_ratio_max_stable,min_G_per_Area_eV_A2
111,17,Cu-111-Ga-2x2x6-4,Cu20Ga4,100.0% ML · Cu-111-Ga-2x2x6-4,100.0% ML,4,20.0,100.0,0.41049411328450913,41.049411328450915,365.0,1100.0,-16.0,-2.8999999999999986,-0.8300405158139929
111,0,Cu-111-clean-2x2x4,Cu16,0.0% ML · Cu-111-clean-2x2x4,0.0% ML,0,16.0,0.0,0.2548746948487377,25.48746948487377,300.0,1100.0,-5.899999999999999,4.0,0.0
111,7,Cu-111-Ga-3x3x6-3,Cu51Ga3,33.3% ML · Cu-111-Ga-3x3x6-3,33.3% ML,3,51.0,33.33,0.11662185964587003,11.662185964587003,300.0,1100.0,-13.4,0.1999999999999993,-0.02937178694990282
111,12,Cu-111-Ga-3x3x6-6,Cu48Ga6,66.7% ML · Cu-111-Ga-3x3x6-6,66.7% ML,6,48.0,66.67,0.08102345415778252,8.102345415778252,310.0,1100.0,-16.0,-1.8999999999999986,-0.08976723993803071
111,10,Cu-111-Ga-2x2x6-2,Cu22Ga2,50.0% ML · Cu-111-Ga-2x2x6-2,50.0% ML,2,22.0,50.0,0.07249466950959488,7.249466950959488,300.0,1100.0,-16.0,-1.0999999999999996,-0.05237956926025268
111,2,Cu-111-Ga-3x3x5-1,Cu44Ga,11.1% ML · Cu-111-Ga-3x3x5-1,11.1% ML,1,44.0,11.11,0.060783041315163315,6.078304131516331,300.0,1100.0,-8.399999999999999,0.9000000000000021,-0.004271812199573042
111,5,Cu-111-Ga-4x4x6-4,Cu92Ga4,25.0% ML · Cu-111-Ga-4x4x6-4,25.0% ML,4,92.0,25.0,0.003708167238342449,0.3708167238342449,300.0,1100.0,-8.6,0.3000000000000007,-0.004865230142133914
